optimizer,initialization,best_train_loss,step,train_evals,validation_cross_entropy
COBYLA,random initialization,0.6765868061790556,1,34.0,0.683022141309365
COBYLA,random initialization,0.670421293956881,2,36.0,0.676965984889661
COBYLA,random initialization,0.670421293956881,3,38.0,0.676965984889661
COBYLA,random initialization,0.670421293956881,4,40.0,0.676965984889661
COBYLA,random initialization,0.6589030873049827,5,42.0,0.6657550991525053
COBYLA,random initialization,0.634784366666544,6,43.0,0.6427060857390476
COBYLA,random initialization,0.634784366666544,7,45.0,0.6427060857390476
COBYLA,random initialization,0.634784366666544,8,47.0,0.6427060857390476
COBYLA,random initialization,0.634784366666544,9,49.0,0.6427060857390476
COBYLA,random initialization,0.634784366666544,10,51.0,0.6427060857390476
COBYLA,random initialization,0.634471769640333,11,53.0,0.6421549352187068
COBYLA,random initialization,0.634471769640333,12,55.0,0.6421549352187068
COBYLA,random initialization,0.634471769640333,13,57.0,0.6421549352187068
COBYLA,random initialization,0.6285572694645554,14,58.0,0.6325625555748544
COBYLA,random initialization,0.6285572694645554,15,60.0,0.6325625555748544
COBYLA,random initialization,0.6285572694645554,16,62.0,0.6325625555748544
COBYLA,random initialization,0.6070112078237349,17,64.0,0.6134496191997854
COBYLA,random initialization,0.6037220531081833,18,65.0,0.603189632660075
COBYLA,random initialization,0.6023416865872729,19,67.0,0.6032722827374848
COBYLA,random initialization,0.6023416865872729,20,69.0,0.6032722827374848
COBYLA,random initialization,0.6023416865872729,21,71.0,0.6032722827374848
COBYLA,random initialization,0.5550225258927364,22,72.0,0.5646456657282419
COBYLA,random initialization,0.555022525892736,23,74.0,0.5646456657282416
COBYLA,random initialization,0.55053607677426,24,75.0,0.5593927701405811
COBYLA,random initialization,0.55053607677426,25,77.0,0.5593927701405811
COBYLA,random initialization,0.55053607677426,26,79.0,0.5593927701405811
COBYLA,random initialization,0.55053607677426,27,81.0,0.5593927701405811
COBYLA,random initialization,0.55053607677426,28,83.0,0.5593927701405811
COBYLA,random initialization,0.55053607677426,29,85.0,0.5593927701405811
COBYLA,random initialization,0.55053607677426,30,87.0,0.5593927701405811
COBYLA,random initialization,0.55053607677426,31,89.0,0.5593927701405811
COBYLA,random initialization,0.537824434108612,32,90.0,0.5460674394519697
COBYLA,random initialization,0.5257367713012538,33,91.0,0.5387337907039546
COBYLA,random initialization,0.5257367713012538,34,93.0,0.5387337907039546
COBYLA,random initialization,0.5257367713012538,35,95.0,0.5387337907039546
COBYLA,random initialization,0.5257367713012538,36,97.0,0.5387337907039546
COBYLA,random initialization,0.5257367713012538,37,99.0,0.5387337907039546
COBYLA,random initialization,0.5257367713012538,38,101.0,0.5387337907039546
COBYLA,random initialization,0.5027323643666188,39,103.0,0.5200586802857851
COBYLA,random initialization,0.5016602308299773,40,104.0,0.5172985606199397
COBYLA,random initialization,0.5016602308299773,41,106.0,0.5172985606199397
COBYLA,random initialization,0.5016602308299773,42,108.0,0.5172985606199397
COBYLA,random initialization,0.5016602308299773,43,110.0,0.5172985606199397
COBYLA,random initialization,0.4862228199723879,44,112.0,0.5037320000732142
COBYLA,random initialization,0.4759241297440822,45,114.0,0.4946143058114669
COBYLA,random initialization,0.4759241297440822,46,116.0,0.4946143058114669
COBYLA,random initialization,0.47559990785198886,47,118.0,0.49403382887511804
COBYLA,random initialization,0.47559990785198886,48,120.0,0.49403382887511804
COBYLA,random initialization,0.47559990785198886,49,122.0,0.49403382887511804
COBYLA,random initialization,0.4711991912639788,50,124.0,0.49295960470203143
COBYLA,random initialization,0.46313487533426917,51,126.0,0.48662472871006185
COBYLA,random initialization,0.46313487533426917,52,128.0,0.48662472871006185
COBYLA,random initialization,0.4617081141048856,53,130.0,0.4847400088336182
COBYLA,random initialization,0.4606480040680821,54,132.0,0.4810941692083559
COBYLA,random initialization,0.45537809546173214,55,134.0,0.4772586572468716
COBYLA,random initialization,0.45537809546173214,56,136.0,0.4772586572468716
COBYLA,random initialization,0.45537809546173214,57,138.0,0.4772586572468716
COBYLA,random initialization,0.45537809546173214,58,140.0,0.4772586572468716
COBYLA,random initialization,0.45537809546173214,59,142.0,0.4772586572468716
COBYLA,random initialization,0.45537809546173214,60,144.0,0.4772586572468716
COBYLA,random initialization,0.45537809546173214,61,146.0,0.4772586572468716
COBYLA,random initialization,0.45537809546173214,62,147.0,0.4772586572468716
COBYLA,random initialization,0.45537809546173214,63,149.0,0.4772586572468716
SPSA,random initialization,0.6950955161362126,1,2.0,0.7003361360315474
SPSA,random initialization,0.6950955161362126,2,4.0,0.7003365788502159
SPSA,random initialization,0.6945955182120159,3,6.0,0.6998357912308871
SPSA,random initialization,0.6945955182120159,4,8.0,0.6998107654836941
SPSA,random initialization,0.6945955182120159,5,10.0,0.6998047142587336
SPSA,random initialization,0.69452813228774,6,12.0,0.6995620020334935
SPSA,random initialization,0.69452813228774,7,14.0,0.6995577133439267
SPSA,random initialization,0.69452813228774,8,16.0,0.6995569761529623
SPSA,random initialization,0.69452813228774,9,18.0,0.6995569755343101
SPSA,random initialization,0.69452813228774,10,20.0,0.6995089239556462
SPSA,random initialization,0.6939700447636197,11,22.0,0.6991017941887234
SPSA,random initialization,0.6939700447636197,12,24.0,0.6991012113437719
SPSA,random initialization,0.6939700447636197,13,26.0,0.6989419019608589
SPSA,random initialization,0.6939700447636197,14,28.0,0.6987996379374555
SPSA,random initialization,0.6939700447636197,15,30.0,0.6986676019538152
SPSA,random initialization,0.6939681593781902,16,32.0,0.6984988865930761
SPSA,random initialization,0.6939681593781902,17,34.0,0.6983968323592745
SPSA,random initialization,0.6939681593781902,18,36.0,0.6983803392610514
SPSA,random initialization,0.6939681593781902,19,38.0,0.6982247578415474
SPSA,random initialization,0.6939681593781902,20,40.0,0.6982245760819038
SPSA,random initialization,0.6939681593781902,21,42.0,0.6982232057387456
SPSA,random initialization,0.6939681593781902,22,44.0,0.698140417472635
SPSA,random initialization,0.6939681593781902,23,46.0,0.6980534271059718
SPSA,random initialization,0.6939681593781902,24,48.0,0.698042670051735
SPSA,random initialization,0.6939681593781902,25,50.0,0.6979810055708522
SPSA,random initialization,0.6939681593781902,26,52.0,0.6979808384428859
SPSA,random initialization,0.6939681593781902,27,54.0,0.6979753003642445
SPSA,random initialization,0.6934604516127458,28,56.0,0.6978265433896338
SPSA,random initialization,0.6934604516127458,29,58.0,0.6977855448391336
SPSA,random initialization,0.6934604516127458,30,60.0,0.6977679880514135
SPSA,random initialization,0.6934604516127458,31,62.0,0.697601849705614
SPSA,random initialization,0.6934604516127458,32,64.0,0.6975961921551884
SPSA,random initialization,0.6934604516127458,33,66.0,0.6975959657761058
SPSA,random initialization,0.6934604516127458,34,68.0,0.6975841478388616
SPSA,random initialization,0.6934604516127458,35,70.0,0.6975791140668385
SPSA,random initialization,0.6934604516127458,36,72.0,0.6974731549771819
SPSA,random initialization,0.6934604516127458,37,74.0,0.6973446533375938
SPSA,random initialization,0.6934604516127458,38,76.0,0.697237287465311
SPSA,random initialization,0.6934604516127458,39,78.0,0.6972370885255924
SPSA,random initialization,0.6934604516127458,40,80.0,0.6972351411508672
SPSA,random initialization,0.6934604516127458,41,82.0,0.6972348634291794
SPSA,random initialization,0.6932467088269798,42,84.0,0.6971699615442701
SPSA,random initialization,0.6932467088269798,43,86.0,0.6971631198388353
SPSA,random initialization,0.6932467088269798,44,88.0,0.6971218078601831
SPSA,COBYLA-trained warm start,0.46900784449330823,1,2.0,0.477312099653245
SPSA,COBYLA-trained warm start,0.4567198897765852,2,4.0,0.4756660819254349
SPSA,COBYLA-trained warm start,0.4459308828495183,3,6.0,0.47358553077480436
SPSA,COBYLA-trained warm start,0.4459308828495183,4,8.0,0.4720685416742865
SPSA,COBYLA-trained warm start,0.4459308828495183,5,10.0,0.4714297110501823
SPSA,COBYLA-trained warm start,0.4383595027250145,6,12.0,0.46834452673804583
SPSA,COBYLA-trained warm start,0.4383595027250145,7,14.0,0.4679325548579341
SPSA,COBYLA-trained warm start,0.4383595027250145,8,16.0,0.4674768852377678
SPSA,COBYLA-trained warm start,0.4383595027250145,9,18.0,0.46741613220534434
SPSA,COBYLA-trained warm start,0.4383595027250145,10,20.0,0.46653507928988025
SPSA,COBYLA-trained warm start,0.4383595027250145,11,22.0,0.4665251172934669
SPSA,COBYLA-trained warm start,0.4383595027250145,12,24.0,0.46601386971693337
SPSA,COBYLA-trained warm start,0.4383595027250145,13,26.0,0.46602203330203407
SPSA,COBYLA-trained warm start,0.4383595027250145,14,28.0,0.46526937324146705
SPSA,COBYLA-trained warm start,0.4383595027250145,15,30.0,0.46504830004647024
SPSA,COBYLA-trained warm start,0.4383595027250145,16,32.0,0.4644090958501932
SPSA,COBYLA-trained warm start,0.4330233736074301,17,34.0,0.4634935135227659
SPSA,COBYLA-trained warm start,0.4330233736074301,18,36.0,0.46345733189566296
SPSA,COBYLA-trained warm start,0.4330233736074301,19,38.0,0.46342631547988417
SPSA,COBYLA-trained warm start,0.4330233736074301,20,40.0,0.4629952948211155
SPSA,COBYLA-trained warm start,0.4330233736074301,21,42.0,0.4629551891803417
SPSA,COBYLA-trained warm start,0.4330233736074301,22,44.0,0.4623896537610102
SPSA,COBYLA-trained warm start,0.4330233736074301,23,46.0,0.4622295180134429
SPSA,COBYLA-trained warm start,0.4330233736074301,24,48.0,0.46222821158084015
SPSA,COBYLA-trained warm start,0.4330233736074301,25,50.0,0.4622035579836221
SPSA,COBYLA-trained warm start,0.4330233736074301,26,52.0,0.46140384334372087
SPSA,COBYLA-trained warm start,0.4330233736074301,27,54.0,0.4614037057746099
SPSA,COBYLA-trained warm start,0.4330233736074301,28,56.0,0.4608003841283938
SPSA,COBYLA-trained warm start,0.428493686585536,29,58.0,0.4598772054251113
SPSA,COBYLA-trained warm start,0.428493686585536,30,60.0,0.4594221489134147
SPSA,COBYLA-trained warm start,0.428493686585536,31,62.0,0.45896094570862794
SPSA,COBYLA-trained warm start,0.428493686585536,32,64.0,0.4588963811279976
SPSA,COBYLA-trained warm start,0.428493686585536,33,66.0,0.4588572321283743
SPSA,COBYLA-trained warm start,0.428493686585536,34,68.0,0.4585738829437443
SPSA,COBYLA-trained warm start,0.428493686585536,35,70.0,0.4583681174085551
SPSA,COBYLA-trained warm start,0.428493686585536,36,72.0,0.4576902354368133
SPSA,COBYLA-trained warm start,0.428493686585536,37,74.0,0.4576781960425388
SPSA,COBYLA-trained warm start,0.428493686585536,38,76.0,0.457550570861762
SPSA,COBYLA-trained warm start,0.428493686585536,39,78.0,0.4574388656702344
SPSA,COBYLA-trained warm start,0.428493686585536,40,80.0,0.45739387087945743
SPSA,COBYLA-trained warm start,0.428493686585536,41,82.0,0.45725153764021265
SPSA,COBYLA-trained warm start,0.4235186140589841,42,84.0,0.45646507135742304
SPSA,COBYLA-trained warm start,0.4235186140589841,43,86.0,0.4564449708819177
SPSA,COBYLA-trained warm start,0.4235186140589841,44,88.0,0.45572774576227004
